Season,Facility ID,Latitude,Longitude,Street1,Street2,City,State,Postal Code,Country,Type,Facility Name,URL,Phone,Contact,Begin Date,End Date,Begin Time,End Time,Begin DateTime,End DateTime,Recurrence Days,Hours,Eligibility,Cost,Notes,Record ID,Location,Location of Structure (city)
2022-2023,1,46.7255,2.5056,1 placeholder street,,National,FR,,France,,The green Companion,,,,9/21/19,9/21/19,10:00:00,14:00:00,9/21/19 10:00,9/21/19 14:00,Saturday,"Mon: 8:00 AM-10:00 PM, Tue: 8:00 AM-10:00 PM, Wed: 8:00 AM-10:00 PM, Thu: 8:00 AM-10:00 PM, Fri: 8:00 AM-10:00 PM, Sat: 9:00 AM-6:00 PM, Sun: 9:00 AM-6:00 PM",,"No cost to individual. If insured, insurance will be billed. Limited amounts of high-dose flu vaccines for seniors may be available throughout the season.ÔøΩCheck https://www.chicago.gov/city/en/depts/cdph/supp_info/health-protection/flu-clinics-in-the-city-of-chicago.html for updates.",,2019-2020_1,"(41.878, -87.6741)",National
2022-2023,2,46.7255,2.5056,1 placeholder street,,National,FR,,France,,The green Companion,,,,10/28/19,10/28/19,9:00:00,14:00:00,10/28/19 9:00,10/28/19 14:00,Monday,"Mon: 8:00 AM-10:00 PM, Tue: 8:00 AM-10:00 PM, Wed: 8:00 AM-10:00 PM, Thu: 8:00 AM-10:00 PM, Fri: 8:00 AM-10:00 PM, Sat: 9:00 AM-6:00 PM, Sun: 9:00 AM-6:00 PM",,"No cost to individual. If insured, insurance will be billed. Limited amounts of high-dose flu vaccines for seniors may be available throughout the season.ÔøΩCheck https://www.chicago.gov/city/en/depts/cdph/supp_info/health-protection/flu-clinics-in-the-city-of-chicago.html for updates.",,2019-2020_2,"(41.7046, -87.5353)",National
2022-2023,3,46.7255,2.5056,1 placeholder street,,National,FR,,France,,The green Companion,,,,10/2/19,10/2/19,9:00:00,14:00:00,10/2/19 9:00,10/2/19 14:00,Wednesday,"Mon: 8:00 AM-10:00 PM, Tue: 8:00 AM-10:00 PM, Wed: 8:00 AM-10:00 PM, Thu: 8:00 AM-10:00 PM, Fri: 8:00 AM-10:00 PM, Sat: 9:00 AM-6:00 PM, Sun: 9:00 AM-6:00 PM",,"No cost to individual. If insured, insurance will be billed. Limited amounts of high-dose flu vaccines for seniors may be available throughout the season.ÔøΩCheck https://www.chicago.gov/city/en/depts/cdph/supp_info/health-protection/flu-clinics-in-the-city-of-chicago.html for updates.",,2019-2020_3,"(41.818, -87.6438)",National
2022-2023,4,46.7255,2.5056,1 placeholder street,,National,FR,,France,,The green Companion,,,,10/16/19,10/16/19,10:00:00,14:00:00,10/16/19 10:00,10/16/19 14:00,Wednesday,"Mon: 8:00 AM-10:00 PM, Tue: 8:00 AM-10:00 PM, Wed: 8:00 AM-10:00 PM, Thu: 8:00 AM-10:00 PM, Fri: 8:00 AM-10:00 PM, Sat: 9:00 AM-6:00 PM, Sun: 9:00 AM-6:00 PM",,"No cost to individual. If insured, insurance will be billed. Limited amounts of high-dose flu vaccines for seniors may be available throughout the season.ÔøΩCheck https://www.chicago.gov/city/en/depts/cdph/supp_info/health-protection/flu-clinics-in-the-city-of-chicago.html for updates.",,2019-2020_4,"(41.8235, -87.683)",National
2022-2023,5,46.7255,2.5056,1 placeholder street,,National,FR,,France,,blank,,,,11/4/19,11/4/19,10:00:00,13:00:00,11/4/19 10:00,11/4/19 13:00,Monday,"Mon: 8:00 AM-10:00 PM, Tue: 8:00 AM-10:00 PM, Wed: 8:00 AM-10:00 PM, Thu: 8:00 AM-10:00 PM, Fri: 8:00 AM-10:00 PM, Sat: 9:00 AM-6:00 PM, Sun: 9:00 AM-6:00 PM",,"No cost to individual. If insured, insurance will be billed. Limited amounts of high-dose flu vaccines for seniors may be available throughout the season.ÔøΩCheck https://www.chicago.gov/city/en/depts/cdph/supp_info/health-protection/flu-clinics-in-the-city-of-chicago.html for updates.",,2019-2020_5,"(41.7749, -87.7284)",National
2022-2023,6,43.6047,1.4442,1 placeholder street,,Tolouse,FR,,France,,Pollen,,,,10/9/19,10/9/19,9:00:00,14:00:00,10/9/19 9:00,10/9/19 14:00,Wednesday,"Mon: 8:00 AM-10:00 PM, Tue: 8:00 AM-10:00 PM, Wed: 8:00 AM-10:00 PM, Thu: 8:00 AM-10:00 PM, Fri: 8:00 AM-10:00 PM, Sat: 9:00 AM-6:00 PM, Sun: 9:00 AM-6:00 PM",,"No cost to individual. If insured, insurance will be billed. Limited amounts of high-dose flu vaccines for seniors may be available throughout the season.ÔøΩCheck https://www.chicago.gov/city/en/depts/cdph/supp_info/health-protection/flu-clinics-in-the-city-of-chicago.html for updates.",,2019-2020_6,"(43.6047, 1.4442)",Toulouse
2022-2023,7,43.6047,1.4442,1 placeholder street,,Tolouse,FR,,France,,Pollen,,,,10/10/19,10/10/19,10:00:00,13:00:00,10/10/19 10:00,10/10/19 13:00,Thursday,"Mon: 8:00 AM-10:00 PM, Tue: 8:00 AM-10:00 PM, Wed: 8:00 AM-10:00 PM, Thu: 8:00 AM-10:00 PM, Fri: 8:00 AM-10:00 PM, Sat: 9:00 AM-6:00 PM, Sun: 9:00 AM-6:00 PM",,"No cost to individual. If insured, insurance will be billed. Limited amounts of high-dose flu vaccines for seniors may be available throughout the season.ÔøΩCheck https://www.chicago.gov/city/en/depts/cdph/supp_info/health-protection/flu-clinics-in-the-city-of-chicago.html for updates.",,2019-2020_7,"(43.6047, 1.4442)",Toulouse
2022-2023,8,43.6047,1.4442,1 placeholder street,,Tolouse,FR,,France,,Pollen,,,,11/16/19,11/16/19,11:00:00,15:00:00,11/16/19 11:00,11/16/19 15:00,Saturday,"Mon: 8:00 AM-10:00 PM, Tue: 8:00 AM-10:00 PM, Wed: 8:00 AM-10:00 PM, Thu: 8:00 AM-10:00 PM, Fri: 8:00 AM-10:00 PM, Sat: 9:00 AM-6:00 PM, Sun: 9:00 AM-6:00 PM",,"No cost to individual. If insured, insurance will be billed. Limited amounts of high-dose flu vaccines for seniors may be available throughout the season.ÔøΩCheck https://www.chicago.gov/city/en/depts/cdph/supp_info/health-protection/flu-clinics-in-the-city-of-chicago.html for updates.",,2019-2020_8,"(43.6047, 1.4442)",Toulouse
2022-2023,9,46.7255,2.5056,1 placeholder street,,National,FR,,France,,INFOGREEN FACTORY,,,,10/8/19,10/8/19,11:00:00,14:00:00,10/8/19 11:00,10/8/19 14:00,Tuesday,"Mon: 8:00 AM-10:00 PM, Tue: 8:00 AM-10:00 PM, Wed: 8:00 AM-10:00 PM, Thu: 8:00 AM-10:00 PM, Fri: 8:00 AM-10:00 PM, Sat: 9:00 AM-6:00 PM, Sun: 9:00 AM-6:00 PM",,"No cost to individual. If insured, insurance will be billed. Limited amounts of high-dose flu vaccines for seniors may be available throughout the season.ÔøΩCheck https://www.chicago.gov/city/en/depts/cdph/supp_info/health-protection/flu-clinics-in-the-city-of-chicago.html for updates.",,2019-2020_9,"(41.7508, -87.6573)",National
2022-2023,10,46.7255,2.5056,1 placeholder street,,National,FR,,France,,INFOGREEN FACTORY,,,,10/17/19,10/17/19,10:00:00,14:00:00,10/17/19 10:00,10/17/19 14:00,Thursday,"Mon: 8:00 AM-10:00 PM, Tue: 8:00 AM-10:00 PM, Wed: 8:00 AM-10:00 PM, Thu: 8:00 AM-10:00 PM, Fri: 8:00 AM-10:00 PM, Sat: 9:00 AM-6:00 PM, Sun: 9:00 AM-6:00 PM",,"No cost to individual. If insured, insurance will be billed. Limited amounts of high-dose flu vaccines for seniors may be available throughout the season.ÔøΩCheck https://www.chicago.gov/city/en/depts/cdph/supp_info/health-protection/flu-clinics-in-the-city-of-chicago.html for updates.",,2019-2020_10,"(41.739, -87.6971)",National
2022-2023,11,46.7255,2.5056,1 placeholder street,,National,FR,,France,,The Green Compagnon,,,,10/5/19,10/5/19,9:00:00,14:00:00,10/5/19 9:00,10/5/19 14:00,Saturday,"Mon: 8:00 AM-10:00 PM, Tue: 8:00 AM-10:00 PM, Wed: 8:00 AM-10:00 PM, Thu: 8:00 AM-10:00 PM, Fri: 8:00 AM-10:00 PM, Sat: 9:00 AM-6:00 PM, Sun: 9:00 AM-6:00 PM",,"No cost to individual. If insured, insurance will be billed. Limited amounts of high-dose flu vaccines for seniors may be available throughout the season.ÔøΩCheck https://www.chicago.gov/city/en/depts/cdph/supp_info/health-protection/flu-clinics-in-the-city-of-chicago.html for updates.",,2019-2020_11,"(41.7044, -87.682)",National
2022-2023,12,46.7255,2.5056,1 placeholder street,,National,FR,,France,,The Green Compagnon,,,,10/3/19,10/3/19,16:00:00,19:00:00,10/3/19 16:00,10/3/19 19:00,Thursday,"Mon: 8:00 AM-10:00 PM, Tue: 8:00 AM-10:00 PM, Wed: 8:00 AM-10:00 PM, Thu: 8:00 AM-10:00 PM, Fri: 8:00 AM-10:00 PM, Sat: 9:00 AM-6:00 PM, Sun: 9:00 AM-6:00 PM",,"No cost to individual. If insured, insurance will be billed. Limited amounts of high-dose flu vaccines for seniors may be available throughout the season.ÔøΩCheck https://www.chicago.gov/city/en/depts/cdph/supp_info/health-protection/flu-clinics-in-the-city-of-chicago.html for updates.",,2019-2020_12,"(41.9169, -87.6879)",National
2022-2023,13,43.6047,1.4442,1 placeholder street,,Tolouse,FR,,France,,IHMISEN,,,,10/24/19,10/24/19,16:30:00,19:30:00,10/24/19 16:30,10/24/19 19:30,Thursday,"Mon: 8:00 AM-10:00 PM, Tue: 8:00 AM-10:00 PM, Wed: 8:00 AM-10:00 PM, Thu: 8:00 AM-10:00 PM, Fri: 8:00 AM-10:00 PM, Sat: 9:00 AM-6:00 PM, Sun: 9:00 AM-6:00 PM",,"No cost to individual. If insured, insurance will be billed. Limited amounts of high-dose flu vaccines for seniors may be available throughout the season.ÔøΩCheck https://www.chicago.gov/city/en/depts/cdph/supp_info/health-protection/flu-clinics-in-the-city-of-chicago.html for updates.",,2019-2020_13,"(43.6047, 1.4442)",Toulouse
2022-2023,14,48.1173,1.6778,1 placeholder street,,Rennes,FR,,France,,Ecologeek,,,,10/8/19,10/8/19,11:00:00,15:00:00,10/8/19 11:00,10/8/19 15:00,Tuesday,"Mon: 8:00 AM-10:00 PM, Tue: 8:00 AM-10:00 PM, Wed: 8:00 AM-10:00 PM, Thu: 8:00 AM-10:00 PM, Fri: 8:00 AM-10:00 PM, Sat: 9:00 AM-6:00 PM, Sun: 9:00 AM-6:00 PM",,"No cost to individual. If insured, insurance will be billed. Limited amounts of high-dose flu vaccines for seniors may be available throughout the season.ÔøΩCheck https://www.chicago.gov/city/en/depts/cdph/supp_info/health-protection/flu-clinics-in-the-city-of-chicago.html for updates.",,2019-2020_14,"(48.1173, 1.6778)",Rennes
2022-2023,15,48.8397,2.2399,1 placeholder street,,Boulogne-Billancourt,FR,,France,,blank,,,,11/9/19,11/9/19,10:00:00,13:00:00,11/9/19 10:00,11/9/19 13:00,Saturday,"Mon: 8:00 AM-10:00 PM, Tue: 8:00 AM-10:00 PM, Wed: 8:00 AM-10:00 PM, Thu: 8:00 AM-10:00 PM, Fri: 8:00 AM-10:00 PM, Sat: 9:00 AM-6:00 PM, Sun: 9:00 AM-6:00 PM",,"No cost to individual. If insured, insurance will be billed. Limited amounts of high-dose flu vaccines for seniors may be available throughout the season.ÔøΩCheck https://www.chicago.gov/city/en/depts/cdph/supp_info/health-protection/flu-clinics-in-the-city-of-chicago.html for updates.",,2019-2020_15,"(48.8397, 2.2399)",Boulogne-Billancourt
2022-2023,16,48.8566,2.3522,1 placeholder street,,Paris,FR,,France,,M.I.R,,,,9/25/19,9/25/19,15:30:00,19:30:00,9/25/19 15:30,9/25/19 19:30,Wednesday,"Mon: 8:00 AM-10:00 PM, Tue: 8:00 AM-10:00 PM, Wed: 8:00 AM-10:00 PM, Thu: 8:00 AM-10:00 PM, Fri: 8:00 AM-10:00 PM, Sat: 9:00 AM-6:00 PM, Sun: 9:00 AM-6:00 PM",,"No cost to individual. If insured, insurance will be billed. Limited amounts of high-dose flu vaccines for seniors may be available throughout the season.ÔøΩCheck https://www.chicago.gov/city/en/depts/cdph/supp_info/health-protection/flu-clinics-in-the-city-of-chicago.html for updates.",,2019-2020_16,"(48.8566, 2.3522)",Paris
2022-2023,17,43.6047,1.4442,1 placeholder street,,Tolouse,FR,,France,,Ihmisen Academy,,,,10/23/19,10/23/19,10:00:00,13:00:00,10/23/19 10:00,10/23/19 13:00,Wednesday,"Mon: 8:00 AM-10:00 PM, Tue: 8:00 AM-10:00 PM, Wed: 8:00 AM-10:00 PM, Thu: 8:00 AM-10:00 PM, Fri: 8:00 AM-10:00 PM, Sat: 9:00 AM-6:00 PM, Sun: 9:00 AM-6:00 PM",,"No cost to individual. If insured, insurance will be billed. Limited amounts of high-dose flu vaccines for seniors may be available throughout the season.ÔøΩCheck https://www.chicago.gov/city/en/depts/cdph/supp_info/health-protection/flu-clinics-in-the-city-of-chicago.html for updates.",,2019-2020_17,"(43.6047, 1.4442)",Toulouse
2022-2023,18,43.6047,1.4442,1 placeholder street,,Tolouse,FR,,France,,Ihmisen Academy,,,,10/11/19,10/11/19,11:00:00,15:00:00,10/11/19 11:00,10/11/19 15:00,Friday,"Mon: 8:00 AM-10:00 PM, Tue: 8:00 AM-10:00 PM, Wed: 8:00 AM-10:00 PM, Thu: 8:00 AM-10:00 PM, Fri: 8:00 AM-10:00 PM, Sat: 9:00 AM-6:00 PM, Sun: 9:00 AM-6:00 PM",,"No cost to individual. If insured, insurance will be billed. Limited amounts of high-dose flu vaccines for seniors may be available throughout the season.ÔøΩCheck https://www.chicago.gov/city/en/depts/cdph/supp_info/health-protection/flu-clinics-in-the-city-of-chicago.html for updates.",,2019-2020_18,"(43.6047, 1.4442)",Toulouse
2022-2023,19,43.6047,1.4442,1 placeholder street,,Tolouse,FR,,France,,Ihmisen Academy,,,,10/4/19,10/4/19,9:00:00,13:00:00,10/4/19 9:00,10/4/19 13:00,Friday,"Mon: 8:00 AM-10:00 PM, Tue: 8:00 AM-10:00 PM, Wed: 8:00 AM-10:00 PM, Thu: 8:00 AM-10:00 PM, Fri: 8:00 AM-10:00 PM, Sat: 9:00 AM-6:00 PM, Sun: 9:00 AM-6:00 PM",,"No cost to individual. If insured, insurance will be billed. Limited amounts of high-dose flu vaccines for seniors may be available throughout the season.ÔøΩCheck https://www.chicago.gov/city/en/depts/cdph/supp_info/health-protection/flu-clinics-in-the-city-of-chicago.html for updates.",,2019-2020_19,"(41.902731, -87.689739)",Toulouse
2022-2023,20,43.6047,1.4442,1 placeholder street,,Tolouse,FR,,France,,Ihmisen Academy,,,,10/24/19,10/24/19,11:00:00,15:00:00,10/24/19 11:00,10/24/19 15:00,Thursday,"Mon: 8:00 AM-10:00 PM, Tue: 8:00 AM-10:00 PM, Wed: 8:00 AM-10:00 PM, Thu: 8:00 AM-10:00 PM, Fri: 8:00 AM-10:00 PM, Sat: 9:00 AM-6:00 PM, Sun: 9:00 AM-6:00 PM",,"No cost to individual. If insured, insurance will be billed. Limited amounts of high-dose flu vaccines for seniors may be available throughout the season.ÔøΩCheck https://www.chicago.gov/city/en/depts/cdph/supp_info/health-protection/flu-clinics-in-the-city-of-chicago.html for updates.",,2019-2020_20,"(43.6047, 1.4442)",Toulouse
2022-2023,21,43.6047,1.4442,1 placeholder street,,Tolouse,FR,,France,,Ihmisen Academy,,,,9/20/19,9/20/19,10:00:00,14:00:00,9/20/19 10:00,9/20/19 14:00,Friday,"Mon: 8:00 AM-10:00 PM, Tue: 8:00 AM-10:00 PM, Wed: 8:00 AM-10:00 PM, Thu: 8:00 AM-10:00 PM, Fri: 8:00 AM-10:00 PM, Sat: 9:00 AM-6:00 PM, Sun: 9:00 AM-6:00 PM",,"No cost to individual. If insured, insurance will be billed. Limited amounts of high-dose flu vaccines for seniors may be available throughout the season.ÔøΩCheck https://www.chicago.gov/city/en/depts/cdph/supp_info/health-protection/flu-clinics-in-the-city-of-chicago.html for updates.",,2019-2020_21,"(43.6047, 1.4442)",Toulouse
2022-2023,22,43.6047,1.4442,1 placeholder street,,Tolouse,FR,,France,,Ihmisen Academy,,,,10/21/19,10/21/19,15:00:00,19:00:00,10/21/19 15:00,10/21/19 19:00,Monday,"Mon: 8:00 AM-10:00 PM, Tue: 8:00 AM-10:00 PM, Wed: 8:00 AM-10:00 PM, Thu: 8:00 AM-10:00 PM, Fri: 8:00 AM-10:00 PM, Sat: 9:00 AM-6:00 PM, Sun: 9:00 AM-6:00 PM",,"No cost to individual. If insured, insurance will be billed. Limited amounts of high-dose flu vaccines for seniors may be available throughout the season.ÔøΩCheck https://www.chicago.gov/city/en/depts/cdph/supp_info/health-protection/flu-clinics-in-the-city-of-chicago.html for updates.",,2019-2020_22,"(43.6047, 1.4442)",Toulouse
2022-2023,23,43.6047,1.4442,1 placeholder street,,Tolouse,FR,,France,,Ihmisen Academy,,,,10/3/19,10/3/19,11:00:00,15:00:00,10/3/19 11:00,10/3/19 15:00,Thursday,"Mon: 8:00 AM-10:00 PM, Tue: 8:00 AM-10:00 PM, Wed: 8:00 AM-10:00 PM, Thu: 8:00 AM-10:00 PM, Fri: 8:00 AM-10:00 PM, Sat: 9:00 AM-6:00 PM, Sun: 9:00 AM-6:00 PM",,"No cost to individual. If insured, insurance will be billed. Limited amounts of high-dose flu vaccines for seniors may be available throughout the season.ÔøΩCheck https://www.chicago.gov/city/en/depts/cdph/supp_info/health-protection/flu-clinics-in-the-city-of-chicago.html for updates.",,2019-2020_23,"(43.6047, 1.4442)",Toulouse
2022-2023,24,48.8566,2.3522,1 placeholder street,,Paris,FR,,France,,Temesis,,,,10/5/19,10/5/19,10:00:00,14:00:00,10/5/19 10:00,10/5/19 14:00,Saturday,"Mon: 8:00 AM-10:00 PM, Tue: 8:00 AM-10:00 PM, Wed: 8:00 AM-10:00 PM, Thu: 8:00 AM-10:00 PM, Fri: 8:00 AM-10:00 PM, Sat: 9:00 AM-6:00 PM, Sun: 9:00 AM-6:00 PM",,"No cost to individual. If insured, insurance will be billed. Limited amounts of high-dose flu vaccines for seniors may be available throughout the season.ÔøΩCheck https://www.chicago.gov/city/en/depts/cdph/supp_info/health-protection/flu-clinics-in-the-city-of-chicago.html for updates.",,2019-2020_24,"(48.8566, 2.3522)",Paris
2022-2023,25,46.7255,2.5056,1 placeholder street,,National,FR,,France,,La Fresque Du Numérique,,,,10/16/19,10/16/19,10:00:00,14:00:00,10/16/19 10:00,10/16/19 14:00,Wednesday,"Mon: 8:00 AM-10:00 PM, Tue: 8:00 AM-10:00 PM, Wed: 8:00 AM-10:00 PM, Thu: 8:00 AM-10:00 PM, Fri: 8:00 AM-10:00 PM, Sat: 9:00 AM-6:00 PM, Sun: 9:00 AM-6:00 PM",,"No cost to individual. If insured, insurance will be billed. Limited amounts of high-dose flu vaccines for seniors may be available throughout the season.ÔøΩCheck https://www.chicago.gov/city/en/depts/cdph/supp_info/health-protection/flu-clinics-in-the-city-of-chicago.html for updates.",,2019-2020_25,"(41.7046, -87.5353)",National
2022-2023,26,48.8566,2.3522,1 placeholder street,,Paris,FR,,France,,Agence Lucie,,,,10/18/19,10/18/19,11:00:00,15:00:00,10/18/19 11:00,10/18/19 15:00,Friday,"Mon: 8:00 AM-10:00 PM, Tue: 8:00 AM-10:00 PM, Wed: 8:00 AM-10:00 PM, Thu: 8:00 AM-10:00 PM, Fri: 8:00 AM-10:00 PM, Sat: 9:00 AM-6:00 PM, Sun: 9:00 AM-6:00 PM",,"No cost to individual. If insured, insurance will be billed. Limited amounts of high-dose flu vaccines for seniors may be available throughout the season.ÔøΩCheck https://www.chicago.gov/city/en/depts/cdph/supp_info/health-protection/flu-clinics-in-the-city-of-chicago.html for updates.",,2019-2020_26,"(48.8566, 2.3522)",Paris
2022-2023,27,47.0507,1.2653,1 placeholder street,,La Bernardière,FR,,France,,TkPx,,,,10/4/19,10/4/19,11:00:00,15:00:00,10/4/19 11:00,10/4/19 15:00,Friday,"Mon: 8:00 AM-10:00 PM, Tue: 8:00 AM-10:00 PM, Wed: 8:00 AM-10:00 PM, Thu: 8:00 AM-10:00 PM, Fri: 8:00 AM-10:00 PM, Sat: 9:00 AM-6:00 PM, Sun: 9:00 AM-6:00 PM",,"No cost to individual. If insured, insurance will be billed. Limited amounts of high-dose flu vaccines for seniors may be available throughout the season.ÔøΩCheck https://www.chicago.gov/city/en/depts/cdph/supp_info/health-protection/flu-clinics-in-the-city-of-chicago.html for updates.",,2019-2020_27,"(47.0507, 1.2653)",La Bernardière
2022-2023,28,48.8014,2.1301,1 placeholder street,,Versailles,FR,,France,,OM Conseil,,,,10/9/19,10/9/19,10:00:00,14:00:00,10/9/19 10:00,10/9/19 14:00,Wednesday,"Mon: 8:00 AM-10:00 PM, Tue: 8:00 AM-10:00 PM, Wed: 8:00 AM-10:00 PM, Thu: 8:00 AM-10:00 PM, Fri: 8:00 AM-10:00 PM, Sat: 9:00 AM-6:00 PM, Sun: 9:00 AM-6:00 PM",,"No cost to individual. If insured, insurance will be billed. Limited amounts of high-dose flu vaccines for seniors may be available throughout the season.ÔøΩCheck https://www.chicago.gov/city/en/depts/cdph/supp_info/health-protection/flu-clinics-in-the-city-of-chicago.html for updates.",,2019-2020_28,"(48.8014, 2.1301)",Versailles
2022-2023,29,48.8897,2.2418,1 placeholder street,,Puteaux-La défense,FR,,France,,Orsys,,,,10/26/19,10/26/19,10:00:00,14:00:00,10/26/19 10:00,10/26/19 14:00,Saturday,"Mon: 8:00 AM-10:00 PM, Tue: 8:00 AM-10:00 PM, Wed: 8:00 AM-10:00 PM, Thu: 8:00 AM-10:00 PM, Fri: 8:00 AM-10:00 PM, Sat: 9:00 AM-6:00 PM, Sun: 9:00 AM-6:00 PM",,"No cost to individual. If insured, insurance will be billed. Limited amounts of high-dose flu vaccines for seniors may be available throughout the season.ÔøΩCheck https://www.chicago.gov/city/en/depts/cdph/supp_info/health-protection/flu-clinics-in-the-city-of-chicago.html for updates.",,2019-2020_29,"(48.8897, 2.2418)",Puteaux-La défense
2022-2023,30,48.8897,2.2418,1 placeholder street,,Puteaux-La défense,FR,,France,,Orsys,,,,,,,,,,,"Mon: 8:00 AM-10:00 PM, Tue: 8:00 AM-10:00 PM, Wed: 8:00 AM-10:00 PM, Thu: 8:00 AM-10:00 PM, Fri: 8:00 AM-10:00 PM, Sat: 9:00 AM-6:00 PM, Sun: 9:00 AM-6:00 PM",,,,,"(48.8897, 2.2418)",Puteaux-La défense
2022-2023,31,48.8897,2.2418,1 placeholder street,,Puteaux-La défense,FR,,France,,Orsys,,,,,,,,,,,"Mon: 8:00 AM-10:00 PM, Tue: 8:00 AM-10:00 PM, Wed: 8:00 AM-10:00 PM, Thu: 8:00 AM-10:00 PM, Fri: 8:00 AM-10:00 PM, Sat: 9:00 AM-6:00 PM, Sun: 9:00 AM-6:00 PM",,,,,"(48.8897, 2.2418)",Puteaux-La défense
2022-2023,32,48.8897,2.2418,1 placeholder street,,Puteaux-La défense,FR,,France,,Orsys,,,,,,,,,,,"Mon: 8:00 AM-10:00 PM, Tue: 8:00 AM-10:00 PM, Wed: 8:00 AM-10:00 PM, Thu: 8:00 AM-10:00 PM, Fri: 8:00 AM-10:00 PM, Sat: 9:00 AM-6:00 PM, Sun: 9:00 AM-6:00 PM",,,,,"(48.8897, 2.2418)",Puteaux-La défense
2022-2023,33,48.8897,2.2418,1 placeholder street,,Puteaux-La défense,FR,,France,,Orsys,,,,,,,,,,,"Mon: 8:00 AM-10:00 PM, Tue: 8:00 AM-10:00 PM, Wed: 8:00 AM-10:00 PM, Thu: 8:00 AM-10:00 PM, Fri: 8:00 AM-10:00 PM, Sat: 9:00 AM-6:00 PM, Sun: 9:00 AM-6:00 PM",,,,,"(48.8897, 2.2418)",Puteaux-La défense
2022-2023,34,48.8897,2.2418,1 placeholder street,,Puteaux-La défense,FR,,France,,Orsys,,,,,,,,,,,"Mon: 8:00 AM-10:00 PM, Tue: 8:00 AM-10:00 PM, Wed: 8:00 AM-10:00 PM, Thu: 8:00 AM-10:00 PM, Fri: 8:00 AM-10:00 PM, Sat: 9:00 AM-6:00 PM, Sun: 9:00 AM-6:00 PM",,,,,"(48.8897, 2.2418)",Puteaux-La défense
2022-2023,35,48.8897,2.2418,1 placeholder street,,Puteaux-La défense,FR,,France,,Orsys,,,,,,,,,,,"Mon: 8:00 AM-10:00 PM, Tue: 8:00 AM-10:00 PM, Wed: 8:00 AM-10:00 PM, Thu: 8:00 AM-10:00 PM, Fri: 8:00 AM-10:00 PM, Sat: 9:00 AM-6:00 PM, Sun: 9:00 AM-6:00 PM",,,,,"(48.8897, 2.2418)",Puteaux-La défense
2022-2023,36,47.4686,0.4958,1 placeholder street,,Saint-Barthélemy d'Anjou,FR,,France,,ESAIP,,,,,,,,,,,"Mon: 8:00 AM-10:00 PM, Tue: 8:00 AM-10:00 PM, Wed: 8:00 AM-10:00 PM, Thu: 8:00 AM-10:00 PM, Fri: 8:00 AM-10:00 PM, Sat: 9:00 AM-6:00 PM, Sun: 9:00 AM-6:00 PM",,,,,"(47.4686, 0.4958)",Saint-Barthélemy d'Anjou
2022-2023,37,47.4686,0.4958,1 placeholder street,,Saint-Barthélemy d'Anjou,FR,,France,,ESAIP,,,,,,,,,,,"Mon: 8:00 AM-10:00 PM, Tue: 8:00 AM-10:00 PM, Wed: 8:00 AM-10:00 PM, Thu: 8:00 AM-10:00 PM, Fri: 8:00 AM-10:00 PM, Sat: 9:00 AM-6:00 PM, Sun: 9:00 AM-6:00 PM",,,,,"(47.4686, 0.4958)",Saint-Barthélemy d'Anjou
2022-2023,38,47.4686,0.4958,1 placeholder street,,Saint-Barthélemy d'Anjou,FR,,France,,ESAIP,,,,,,,,,,,"Mon: 8:00 AM-10:00 PM, Tue: 8:00 AM-10:00 PM, Wed: 8:00 AM-10:00 PM, Thu: 8:00 AM-10:00 PM, Fri: 8:00 AM-10:00 PM, Sat: 9:00 AM-6:00 PM, Sun: 9:00 AM-6:00 PM",,,,,"(47.4686, 0.4958)",Saint-Barthélemy d'Anjou
2022-2023,39,49.4432,1.1000,1 placeholder street,,Rouen,FR,,France,,Ideance,,,,,,,,,,,"Mon: 8:00 AM-10:00 PM, Tue: 8:00 AM-10:00 PM, Wed: 8:00 AM-10:00 PM, Thu: 8:00 AM-10:00 PM, Fri: 8:00 AM-10:00 PM, Sat: 9:00 AM-6:00 PM, Sun: 9:00 AM-6:00 PM",,,,,"(49.4432, 1.1000)",Rouen
2022-2023,40,49.4432,1.1000,1 placeholder street,,Rouen,FR,,France,,Ideance,,,,,,,,,,,"Mon: 8:00 AM-10:00 PM, Tue: 8:00 AM-10:00 PM, Wed: 8:00 AM-10:00 PM, Thu: 8:00 AM-10:00 PM, Fri: 8:00 AM-10:00 PM, Sat: 9:00 AM-6:00 PM, Sun: 9:00 AM-6:00 PM",,,,,"(49.4432, 1.1000)",Rouen
2022-2023,41,49.4432,1.1000,1 placeholder street,,Rouen,FR,,France,,Ideance,,,,,,,,,,,"Mon: 8:00 AM-10:00 PM, Tue: 8:00 AM-10:00 PM, Wed: 8:00 AM-10:00 PM, Thu: 8:00 AM-10:00 PM, Fri: 8:00 AM-10:00 PM, Sat: 9:00 AM-6:00 PM, Sun: 9:00 AM-6:00 PM",,,,,"(49.4432, 1.1000)",Rouen
2022-2023,42,49.4432,1.1000,1 placeholder street,,Rouen,FR,,France,,Ideance,,,,,,,,,,,"Mon: 8:00 AM-10:00 PM, Tue: 8:00 AM-10:00 PM, Wed: 8:00 AM-10:00 PM, Thu: 8:00 AM-10:00 PM, Fri: 8:00 AM-10:00 PM, Sat: 9:00 AM-6:00 PM, Sun: 9:00 AM-6:00 PM",,,,,"(49.4432, 1.1000)",Rouen
2022-2023,43,49.4432,1.1000,1 placeholder street,,Rouen,FR,,France,,Ideance,,,,,,,,,,,"Mon: 8:00 AM-10:00 PM, Tue: 8:00 AM-10:00 PM, Wed: 8:00 AM-10:00 PM, Thu: 8:00 AM-10:00 PM, Fri: 8:00 AM-10:00 PM, Sat: 9:00 AM-6:00 PM, Sun: 9:00 AM-6:00 PM",,,,,"(49.4432, 1.1000)",Rouen
2022-2023,44,49.4432,1.1000,1 placeholder street,,Rouen,FR,,France,,Ideance,,,,,,,,,,,"Mon: 8:00 AM-10:00 PM, Tue: 8:00 AM-10:00 PM, Wed: 8:00 AM-10:00 PM, Thu: 8:00 AM-10:00 PM, Fri: 8:00 AM-10:00 PM, Sat: 9:00 AM-6:00 PM, Sun: 9:00 AM-6:00 PM",,,,,"(49.4432, 1.1000)",Rouen
2022-2023,45,48.8566,2.3522,1 placeholder street,,Paris,FR,,France,,Temesis,,,,,,,,,,,"Mon: 8:00 AM-10:00 PM, Tue: 8:00 AM-10:00 PM, Wed: 8:00 AM-10:00 PM, Thu: 8:00 AM-10:00 PM, Fri: 8:00 AM-10:00 PM, Sat: 9:00 AM-6:00 PM, Sun: 9:00 AM-6:00 PM",,,,,"(48.8566, 2.3522)",Paris
2022-2023,46,43.4814,1.5147,1 placeholder street,,Anglet,FR,,France,,blank,,,,,,,,,,,"Mon: 8:00 AM-10:00 PM, Tue: 8:00 AM-10:00 PM, Wed: 8:00 AM-10:00 PM, Thu: 8:00 AM-10:00 PM, Fri: 8:00 AM-10:00 PM, Sat: 9:00 AM-6:00 PM, Sun: 9:00 AM-6:00 PM",,,,,"(43.4814, 1.5147)",Anglet
2022-2023,47,43.4814,1.5147,1 placeholder street,,Anglet,FR,,France,,blank,,,,,,,,,,,"Mon: 8:00 AM-10:00 PM, Tue: 8:00 AM-10:00 PM, Wed: 8:00 AM-10:00 PM, Thu: 8:00 AM-10:00 PM, Fri: 8:00 AM-10:00 PM, Sat: 9:00 AM-6:00 PM, Sun: 9:00 AM-6:00 PM",,,,,"(43.4814, 1.5147)",Anglet
2022-2023,48,43.4814,1.5147,1 placeholder street,,Anglet,FR,,France,,University of Pau et des Pays de l'Adour,,,,,,,,,,,"Mon: 8:00 AM-10:00 PM, Tue: 8:00 AM-10:00 PM, Wed: 8:00 AM-10:00 PM, Thu: 8:00 AM-10:00 PM, Fri: 8:00 AM-10:00 PM, Sat: 9:00 AM-6:00 PM, Sun: 9:00 AM-6:00 PM",,,,,"(43.4814, 1.5147)",Anglet
2022-2023,49,44.8378,0.5792,1 placeholder street,,Bordeaux,FR,,France,,University of Bordeaux,,,,,,,,,,,"Mon: 8:00 AM-10:00 PM, Tue: 8:00 AM-10:00 PM, Wed: 8:00 AM-10:00 PM, Thu: 8:00 AM-10:00 PM, Fri: 8:00 AM-10:00 PM, Sat: 9:00 AM-6:00 PM, Sun: 9:00 AM-6:00 PM",,,,,"(44.8378, 0.5792)",Bordeaux
2022-2023,50,44.8378,0.5792,1 placeholder street,,Bordeaux,FR,,France,,University of Bordeaux,,,,,,,,,,,"Mon: 8:00 AM-10:00 PM, Tue: 8:00 AM-10:00 PM, Wed: 8:00 AM-10:00 PM, Thu: 8:00 AM-10:00 PM, Fri: 8:00 AM-10:00 PM, Sat: 9:00 AM-6:00 PM, Sun: 9:00 AM-6:00 PM",,,,,"(44.8378, 0.5792)",Bordeaux
2022-2023,51,44.8378,0.5792,1 placeholder street,,Bordeaux,FR,,France,,University of Bordeaux,,,,,,,,,,,"Mon: 8:00 AM-10:00 PM, Tue: 8:00 AM-10:00 PM, Wed: 8:00 AM-10:00 PM, Thu: 8:00 AM-10:00 PM, Fri: 8:00 AM-10:00 PM, Sat: 9:00 AM-6:00 PM, Sun: 9:00 AM-6:00 PM",,,,,"(44.8378, 0.5792)",Bordeaux
2022-2023,52,44.8378,0.5792,1 placeholder street,,Bordeaux,FR,,France,,University of Bordeaux,,,,,,,,,,,"Mon: 8:00 AM-10:00 PM, Tue: 8:00 AM-10:00 PM, Wed: 8:00 AM-10:00 PM, Thu: 8:00 AM-10:00 PM, Fri: 8:00 AM-10:00 PM, Sat: 9:00 AM-6:00 PM, Sun: 9:00 AM-6:00 PM",,,,,"(44.8378, 0.5792)",Bordeaux
2022-2023,53,50.6292,3.0573,1 placeholder street,,Lille,FR,,France,,Polytech Lille,,,,,,,,,,,"Mon: 8:00 AM-10:00 PM, Tue: 8:00 AM-10:00 PM, Wed: 8:00 AM-10:00 PM, Thu: 8:00 AM-10:00 PM, Fri: 8:00 AM-10:00 PM, Sat: 9:00 AM-6:00 PM, Sun: 9:00 AM-6:00 PM",,,,,"(50.6292, 3.0573)",Lille
2022-2023,54,46.1603,1.1511,1 placeholder street,,La Rochelle,FR,,France,,La Rochelle University,,,,,,,,,,,"Mon: 8:00 AM-10:00 PM, Tue: 8:00 AM-10:00 PM, Wed: 8:00 AM-10:00 PM, Thu: 8:00 AM-10:00 PM, Fri: 8:00 AM-10:00 PM, Sat: 9:00 AM-6:00 PM, Sun: 9:00 AM-6:00 PM",,,,,"(46.1603, 1.1511)",La Rochelle
2022-2023,55,48.6298,2.4418,1 placeholder street,,Évry,FR,,France,,IMT - Telecom Sud Paris,,,,,,,,,,,"Mon: 8:00 AM-10:00 PM, Tue: 8:00 AM-10:00 PM, Wed: 8:00 AM-10:00 PM, Thu: 8:00 AM-10:00 PM, Fri: 8:00 AM-10:00 PM, Sat: 9:00 AM-6:00 PM, Sun: 9:00 AM-6:00 PM",,,,,"(48.6298, 2.4418)",Évry
2022-2023,56,46.1603,1.1511,1 placeholder street,,La Rochelle,FR,,France,,University of La Rochelle,,,,,,,,,,,"Mon: 8:00 AM-10:00 PM, Tue: 8:00 AM-10:00 PM, Wed: 8:00 AM-10:00 PM, Thu: 8:00 AM-10:00 PM, Fri: 8:00 AM-10:00 PM, Sat: 9:00 AM-6:00 PM, Sun: 9:00 AM-6:00 PM",,,,,"(46.1603, 1.1511)",La Rochelle
2022-2023,57,43.9251,2.1486,1 placeholder street,,Albi,FR,,France,,IMT Mines Albi,,,,,,,,,,,"Mon: 8:00 AM-10:00 PM, Tue: 8:00 AM-10:00 PM, Wed: 8:00 AM-10:00 PM, Thu: 8:00 AM-10:00 PM, Fri: 8:00 AM-10:00 PM, Sat: 9:00 AM-6:00 PM, Sun: 9:00 AM-6:00 PM",,,,,"(43.9251, 2.1486)",Albi
2022-2023,58,43.6047,1.4442,1 placeholder street,,Tolouse,FR,,France,,University Toulouse 1 Capitole,,,,,,,,,,,"Mon: 8:00 AM-10:00 PM, Tue: 8:00 AM-10:00 PM, Wed: 8:00 AM-10:00 PM, Thu: 8:00 AM-10:00 PM, Fri: 8:00 AM-10:00 PM, Sat: 9:00 AM-6:00 PM, Sun: 9:00 AM-6:00 PM",,,,,"(43.6047, 1.4442)",Toulouse
2022-2023,59,43.6108,3.8767,1 placeholder street,,Montpellier,FR,,France,,"University Paul Valéry, Montpellier",,,,,,,,,,,"Mon: 8:00 AM-10:00 PM, Tue: 8:00 AM-10:00 PM, Wed: 8:00 AM-10:00 PM, Thu: 8:00 AM-10:00 PM, Fri: 8:00 AM-10:00 PM, Sat: 9:00 AM-6:00 PM, Sun: 9:00 AM-6:00 PM",,,,,"(43.6108, 3.8767)",Montpellier
2022-2023,60,44.1272,4.0834,1 placeholder street,,Ales,FR,,France,,IMT Mines Alès,,,,,,,,,,,"Mon: 8:00 AM-10:00 PM, Tue: 8:00 AM-10:00 PM, Wed: 8:00 AM-10:00 PM, Thu: 8:00 AM-10:00 PM, Fri: 8:00 AM-10:00 PM, Sat: 9:00 AM-6:00 PM, Sun: 9:00 AM-6:00 PM",,,,,"(44.1272, 4.0834)",Ales
2022-2023,61,45.4397,4.3872,1 placeholder street,,Saint-Étienne,FR,,France,,Mines Saint-Etienne,,,,,,,,,,,"Mon: 8:00 AM-10:00 PM, Tue: 8:00 AM-10:00 PM, Wed: 8:00 AM-10:00 PM, Thu: 8:00 AM-10:00 PM, Fri: 8:00 AM-10:00 PM, Sat: 9:00 AM-6:00 PM, Sun: 9:00 AM-6:00 PM",,,,,"(45.4397, 4.3872)",Saint-Étienne
2022-2023,62,47.2184,1.5536,1 placeholder street,,Nantes,FR,,France,,Audencia,,,,,,,,,,,"Mon: 8:00 AM-10:00 PM, Tue: 8:00 AM-10:00 PM, Wed: 8:00 AM-10:00 PM, Thu: 8:00 AM-10:00 PM, Fri: 8:00 AM-10:00 PM, Sat: 9:00 AM-6:00 PM, Sun: 9:00 AM-6:00 PM",,,,,"(47.2184, 1.5536)",Nantes
2022-2023,63,47.2184,1.5536,1 placeholder street,,Nantes,FR,,France,,IMT Atlantique,,,,,,,,,,,"Mon: 8:00 AM-10:00 PM, Tue: 8:00 AM-10:00 PM, Wed: 8:00 AM-10:00 PM, Thu: 8:00 AM-10:00 PM, Fri: 8:00 AM-10:00 PM, Sat: 9:00 AM-6:00 PM, Sun: 9:00 AM-6:00 PM",,,,,"(47.2184, 1.5536)",Nantes
2022-2023,64,48.8566,2.3522,1 placeholder street,,Paris,FR,,France,,Agence Lucie,,,,,,,,,,,"Mon: 8:00 AM-10:00 PM, Tue: 8:00 AM-10:00 PM, Wed: 8:00 AM-10:00 PM, Thu: 8:00 AM-10:00 PM, Fri: 8:00 AM-10:00 PM, Sat: 9:00 AM-6:00 PM, Sun: 9:00 AM-6:00 PM",,,,,"(48.8566, 2.3522)",Paris
2022-2023,65,48.8566,2.3522,1 placeholder street,,Paris,FR,,France,,Octo Academy,,,,,,,,,,,"Mon: 8:00 AM-10:00 PM, Tue: 8:00 AM-10:00 PM, Wed: 8:00 AM-10:00 PM, Thu: 8:00 AM-10:00 PM, Fri: 8:00 AM-10:00 PM, Sat: 9:00 AM-6:00 PM, Sun: 9:00 AM-6:00 PM",,,,,"(48.8566, 2.3522)",Paris
2022-2023,66,47.2184,1.5536,1 placeholder street,,Nantes,FR,,France,,Ecoles des Mines de Nantes,,,,,,,,,,,"Mon: 8:00 AM-10:00 PM, Tue: 8:00 AM-10:00 PM, Wed: 8:00 AM-10:00 PM, Thu: 8:00 AM-10:00 PM, Fri: 8:00 AM-10:00 PM, Sat: 9:00 AM-6:00 PM, Sun: 9:00 AM-6:00 PM",,,,,"(47.2184, 1.5536)",Nantes
2022-2023,67,48.8932,2.2879,1 placeholder street,,"Levallois-Perret
",FR,,France,,PLB Consultant,,,,,,,,,,,"Mon: 8:00 AM-10:00 PM, Tue: 8:00 AM-10:00 PM, Wed: 8:00 AM-10:00 PM, Thu: 8:00 AM-10:00 PM, Fri: 8:00 AM-10:00 PM, Sat: 9:00 AM-6:00 PM, Sun: 9:00 AM-6:00 PM",,,,,"(48.8932, 2.2879)","Levallois-Perret
"
2022-2023,68,45.4397,4.3872,1 placeholder street,,Saint-Étienne,FR,,France,,CETIM,,,,,,,,,,,"Mon: 8:00 AM-10:00 PM, Tue: 8:00 AM-10:00 PM, Wed: 8:00 AM-10:00 PM, Thu: 8:00 AM-10:00 PM, Fri: 8:00 AM-10:00 PM, Sat: 9:00 AM-6:00 PM, Sun: 9:00 AM-6:00 PM",,,,,"(45.4397, 4.3872)",Saint-Étienne
2022-2023,69,47.7508,7.3359,1 placeholder street,,Mulhouse,FR,,France,,CETIM,,,,,,,,,,,"Mon: 8:00 AM-10:00 PM, Tue: 8:00 AM-10:00 PM, Wed: 8:00 AM-10:00 PM, Thu: 8:00 AM-10:00 PM, Fri: 8:00 AM-10:00 PM, Sat: 9:00 AM-6:00 PM, Sun: 9:00 AM-6:00 PM",,,,,"(47.7508, 7.3359)",Mulhouse
2022-2023,70,48.8566,2.3522,1 placeholder street,,Paris,FR,,France,,CETIM,,,,,,,,,,,"Mon: 8:00 AM-10:00 PM, Tue: 8:00 AM-10:00 PM, Wed: 8:00 AM-10:00 PM, Thu: 8:00 AM-10:00 PM, Fri: 8:00 AM-10:00 PM, Sat: 9:00 AM-6:00 PM, Sun: 9:00 AM-6:00 PM",,,,,"(48.8566, 2.3522)",Paris
2022-2023,71,,,1 placeholder street,,Pontoise,FR,,France,,ESIEE[IT],,,,,,,,,,,"Mon: 8:00 AM-10:00 PM, Tue: 8:00 AM-10:00 PM, Wed: 8:00 AM-10:00 PM, Thu: 8:00 AM-10:00 PM, Fri: 8:00 AM-10:00 PM, Sat: 9:00 AM-6:00 PM, Sun: 9:00 AM-6:00 PM",,,,,,Pontoise
2022-2023,72,48.8566,2.3522,1 placeholder street,,Paris,FR,,France,,TEMESIS,,,,,,,,,,,"Mon: 8:00 AM-10:00 PM, Tue: 8:00 AM-10:00 PM, Wed: 8:00 AM-10:00 PM, Thu: 8:00 AM-10:00 PM, Fri: 8:00 AM-10:00 PM, Sat: 9:00 AM-6:00 PM, Sun: 9:00 AM-6:00 PM",,,,,"(48.8566, 2.3522)",Paris
2022-2023,73,48.8566,2.3522,1 placeholder street,,Paris,FR,,France,,TEMESIS,,,,,,,,,,,"Mon: 8:00 AM-10:00 PM, Tue: 8:00 AM-10:00 PM, Wed: 8:00 AM-10:00 PM, Thu: 8:00 AM-10:00 PM, Fri: 8:00 AM-10:00 PM, Sat: 9:00 AM-6:00 PM, Sun: 9:00 AM-6:00 PM",,,,,"(48.8566, 2.3522)",Paris
2022-2023,74,48.8566,2.3522,1 placeholder street,,Paris,FR,,France,,TEMESIS,,,,,,,,,,,"Mon: 8:00 AM-10:00 PM, Tue: 8:00 AM-10:00 PM, Wed: 8:00 AM-10:00 PM, Thu: 8:00 AM-10:00 PM, Fri: 8:00 AM-10:00 PM, Sat: 9:00 AM-6:00 PM, Sun: 9:00 AM-6:00 PM",,,,,"(48.8566, 2.3522)",Paris
2022-2023,75,48.8566,2.3522,1 placeholder street,,Paris,FR,,France,,TEMESIS,,,,,,,,,,,"Mon: 8:00 AM-10:00 PM, Tue: 8:00 AM-10:00 PM, Wed: 8:00 AM-10:00 PM, Thu: 8:00 AM-10:00 PM, Fri: 8:00 AM-10:00 PM, Sat: 9:00 AM-6:00 PM, Sun: 9:00 AM-6:00 PM",,,,,"(48.8566, 2.3522)",Paris
2022-2023,76,48.8566,2.3522,1 placeholder street,,Paris,FR,,France,,TEMESIS,,,,,,,,,,,"Mon: 8:00 AM-10:00 PM, Tue: 8:00 AM-10:00 PM, Wed: 8:00 AM-10:00 PM, Thu: 8:00 AM-10:00 PM, Fri: 8:00 AM-10:00 PM, Sat: 9:00 AM-6:00 PM, Sun: 9:00 AM-6:00 PM",,,,,"(48.8566, 2.3522)",Paris
2022-2023,77,43.6108,3.8767,1 placeholder street,,Montpellier,FR,,France,,blank,,,,,,,,,,,"Mon: 8:00 AM-10:00 PM, Tue: 8:00 AM-10:00 PM, Wed: 8:00 AM-10:00 PM, Thu: 8:00 AM-10:00 PM, Fri: 8:00 AM-10:00 PM, Sat: 9:00 AM-6:00 PM, Sun: 9:00 AM-6:00 PM",,,,,"(43.6108, 3.8767)",Montpellier
2022-2023,78,48.6493,2.0257,1 placeholder street,,Saint Malo,FR,,France,,EMERAUDE COMPETENCES MFR - CFA,,,,,,,,,,,"Mon: 8:00 AM-10:00 PM, Tue: 8:00 AM-10:00 PM, Wed: 8:00 AM-10:00 PM, Thu: 8:00 AM-10:00 PM, Fri: 8:00 AM-10:00 PM, Sat: 9:00 AM-6:00 PM, Sun: 9:00 AM-6:00 PM",,,,,"(48.6493, 2.0257)",Saint Malo
2022-2023,79,45.7640,4.8357,1 placeholder street,,Lyon,FR,,France,,IT Akademy,,,,,,,,,,,"Mon: 8:00 AM-10:00 PM, Tue: 8:00 AM-10:00 PM, Wed: 8:00 AM-10:00 PM, Thu: 8:00 AM-10:00 PM, Fri: 8:00 AM-10:00 PM, Sat: 9:00 AM-6:00 PM, Sun: 9:00 AM-6:00 PM",,,,,"(45.7640, 4.8357)",Lyon
2022-2023,80,49.4432,1.1000,1 placeholder street,,Rouen,FR,,France,,blank,,,,,,,,,,,"Mon: 8:00 AM-10:00 PM, Tue: 8:00 AM-10:00 PM, Wed: 8:00 AM-10:00 PM, Thu: 8:00 AM-10:00 PM, Fri: 8:00 AM-10:00 PM, Sat: 9:00 AM-6:00 PM, Sun: 9:00 AM-6:00 PM",,,,,"(49.4432, 1.1000)",Rouen
2022-2023,81,48.1173,1.6778,1 placeholder street,,Rennes,FR,,France,,Competens,,,,,,,,,,,"Mon: 8:00 AM-10:00 PM, Tue: 8:00 AM-10:00 PM, Wed: 8:00 AM-10:00 PM, Thu: 8:00 AM-10:00 PM, Fri: 8:00 AM-10:00 PM, Sat: 9:00 AM-6:00 PM, Sun: 9:00 AM-6:00 PM",,,,,"(48.1173, 1.6778)",Rennes
2022-2023,82,46.7255,2.5056,1 placeholder street,,Nantes et Rennes,FR,,France,,Orange Enterprise Business Services,,,,,,,,,,,"Mon: 8:00 AM-10:00 PM, Tue: 8:00 AM-10:00 PM, Wed: 8:00 AM-10:00 PM, Thu: 8:00 AM-10:00 PM, Fri: 8:00 AM-10:00 PM, Sat: 9:00 AM-6:00 PM, Sun: 9:00 AM-6:00 PM",,,,,,Nantes et Rennes
2022-2023,83,47.2765,1.7806,1 placeholder street,,Saint-Etienne-de-Montluc,FR,,France,,Orange Carré,,,,,,,,,,,"Mon: 8:00 AM-10:00 PM, Tue: 8:00 AM-10:00 PM, Wed: 8:00 AM-10:00 PM, Thu: 8:00 AM-10:00 PM, Fri: 8:00 AM-10:00 PM, Sat: 9:00 AM-6:00 PM, Sun: 9:00 AM-6:00 PM",,,,,"(47.2765, 1.7806)",Saint-Etienne-de-Montluc
2022-2023,84,47.2184,1.5536,1 placeholder street,,Nantes,FR,,France,,Corymbe,,,,,,,,,,,"Mon: 8:00 AM-10:00 PM, Tue: 8:00 AM-10:00 PM, Wed: 8:00 AM-10:00 PM, Thu: 8:00 AM-10:00 PM, Fri: 8:00 AM-10:00 PM, Sat: 9:00 AM-6:00 PM, Sun: 9:00 AM-6:00 PM",,,,,"(47.2184, 1.5536)",Nantes
2022-2023,85,48.5776,3.8282,1 placeholder street,,Morlaix,FR,,France,,blank,,,,,,,,,,,"Mon: 8:00 AM-10:00 PM, Tue: 8:00 AM-10:00 PM, Wed: 8:00 AM-10:00 PM, Thu: 8:00 AM-10:00 PM, Fri: 8:00 AM-10:00 PM, Sat: 9:00 AM-6:00 PM, Sun: 9:00 AM-6:00 PM",,,,,"(48.5776, 3.8282)",Morlaix
2022-2023,86,47.2184,1.5536,1 placeholder street,,Nantes,FR,,France,,Ping,,,,,,,,,,,"Mon: 8:00 AM-10:00 PM, Tue: 8:00 AM-10:00 PM, Wed: 8:00 AM-10:00 PM, Thu: 8:00 AM-10:00 PM, Fri: 8:00 AM-10:00 PM, Sat: 9:00 AM-6:00 PM, Sun: 9:00 AM-6:00 PM",,,,,"(47.2184, 1.5536)",Nantes
2022-2023,87,46.7255,2.5056,1 placeholder street,,National,FR,,France,,"Green tourism digital collective, with Formanova partner",,,,,,,,,,,"Mon: 8:00 AM-10:00 PM, Tue: 8:00 AM-10:00 PM, Wed: 8:00 AM-10:00 PM, Thu: 8:00 AM-10:00 PM, Fri: 8:00 AM-10:00 PM, Sat: 9:00 AM-6:00 PM, Sun: 9:00 AM-6:00 PM",,,,,,National
2022-2023,88,47.2184,1.5536,1 placeholder street,,Nantes,FR,,France,,Jujotte,,,,,,,,,,,"Mon: 8:00 AM-10:00 PM, Tue: 8:00 AM-10:00 PM, Wed: 8:00 AM-10:00 PM, Thu: 8:00 AM-10:00 PM, Fri: 8:00 AM-10:00 PM, Sat: 9:00 AM-6:00 PM, Sun: 9:00 AM-6:00 PM",,,,,"(47.2184, 1.5536)",Nantes
2022-2023,89,48.8566,2.3522,1 placeholder street,,Paris,FR,,France,,TEMESIS,,,,,,,,,,,"Mon: 8:00 AM-10:00 PM, Tue: 8:00 AM-10:00 PM, Wed: 8:00 AM-10:00 PM, Thu: 8:00 AM-10:00 PM, Fri: 8:00 AM-10:00 PM, Sat: 9:00 AM-6:00 PM, Sun: 9:00 AM-6:00 PM",,,,,"(48.8566, 2.3522)",Paris
2022-2023,90,48.8566,2.3522,1 placeholder street,,Paris,FR,,France,,General interest association,,,,,,,,,,,"Mon: 8:00 AM-10:00 PM, Tue: 8:00 AM-10:00 PM, Wed: 8:00 AM-10:00 PM, Thu: 8:00 AM-10:00 PM, Fri: 8:00 AM-10:00 PM, Sat: 9:00 AM-6:00 PM, Sun: 9:00 AM-6:00 PM",,,,,"(48.8566, 2.3522)",Paris
2022-2023,91,48.8566,2.3522,1 placeholder street,,Paris,FR,,France,,General interest association,,,,,,,,,,,"Mon: 8:00 AM-10:00 PM, Tue: 8:00 AM-10:00 PM, Wed: 8:00 AM-10:00 PM, Thu: 8:00 AM-10:00 PM, Fri: 8:00 AM-10:00 PM, Sat: 9:00 AM-6:00 PM, Sun: 9:00 AM-6:00 PM",,,,,"(48.8566, 2.3522)",Paris
2022-2023,92,48.8566,2.3522,1 placeholder street,,Paris,FR,,France,,blank,,,,,,,,,,,"Mon: 8:00 AM-10:00 PM, Tue: 8:00 AM-10:00 PM, Wed: 8:00 AM-10:00 PM, Thu: 8:00 AM-10:00 PM, Fri: 8:00 AM-10:00 PM, Sat: 9:00 AM-6:00 PM, Sun: 9:00 AM-6:00 PM",,,,,"(48.8566, 2.3522)",Paris
2022-2023,93,48.8847,2.2396,1 placeholder street,,Puteaux,FR,,France,,blank,,,,,,,,,,,"Mon: 8:00 AM-10:00 PM, Tue: 8:00 AM-10:00 PM, Wed: 8:00 AM-10:00 PM, Thu: 8:00 AM-10:00 PM, Fri: 8:00 AM-10:00 PM, Sat: 9:00 AM-6:00 PM, Sun: 9:00 AM-6:00 PM",,,,,"(48.8847, 2.2396)",Puteaux
2022-2023,94,48.8847,2.2396,1 placeholder street,,Puteaux,FR,,France,,blank,,,,,,,,,,,"Mon: 8:00 AM-10:00 PM, Tue: 8:00 AM-10:00 PM, Wed: 8:00 AM-10:00 PM, Thu: 8:00 AM-10:00 PM, Fri: 8:00 AM-10:00 PM, Sat: 9:00 AM-6:00 PM, Sun: 9:00 AM-6:00 PM",,,,,"(48.8847, 2.2396)",Puteaux
,,,,,,,,,,,,,,,,,,,,,,,,,,,,
,,,,,,,,,,,,,,,,,,,,,,,,,,,,